{"cameraMode":{"drawMode":0,"name":"Shaded","section":"Shading Mode"},"sceneLighting":true,"audioPlay":false,"sceneViewState":{"showFog":true,"showMaterialUpdate":false,"showSkybox":true,"showFlares":true,"showImageEffects":true,"showParticleSystems":true},"in2DMode":false,"pivot":{"x":-9.453750610351563,"y":-7.353770732879639,"z":32.234107971191409},"rotation":{"x":-0.14446040987968446,"y":0.1057584211230278,"z":-0.01553062442690134,"w":-0.9837180972099304},"size":22.89521598815918,"orthographic":false}