{"cameraMode":{"drawMode":0,"name":"Shaded","section":"Shading Mode"},"sceneLighting":true,"audioPlay":false,"sceneViewState":{"showFog":true,"showMaterialUpdate":false,"showSkybox":true,"showFlares":true,"showImageEffects":true,"showParticleSystems":true},"in2DMode":false,"pivot":{"x":-5.399929523468018,"y":-13.41638469696045,"z":36.90292739868164},"rotation":{"x":-0.21016354858875276,"y":-0.02434343658387661,"z":0.005234681535512209,"w":-0.9773478507995606},"size":26.50061798095703,"orthographic":false}